date,trades_count,total_pnl,closing_trades,wins,avg_trade_size_usd,total_volume_usd,long_trades,short_trades,active_accounts,win_rate,long_short_ratio,value,classification,sentiment_bucket,cum_pnl,running_max,drawdown
2023-05-01,3,0.0,0,0,159.0,477.0,3,0,1,,inf,63,Greed,Greed,0.0,0.0,0.0
2023-12-05,9,0.0,0,0,5556.203333333334,50005.83,7,2,1,,3.5,75,Extreme Greed,Greed,0.0,0.0,0.0
2023-12-14,11,-205.43473700000007,6,4,10291.213636363636,113203.35,9,8,1,0.6666666666666666,1.125,72,Greed,Greed,-205.43473700000007,0.0,-205.43473700000007
2023-12-15,2,-24.632033999999997,2,0,5304.975,10609.95,2,2,1,0.0,1.0,70,Greed,Greed,-230.06677100000007,0.0,-230.06677100000007
2023-12-16,3,0.0,0,0,5116.256666666667,15348.77,3,0,1,,inf,67,Greed,Greed,-230.06677100000007,0.0,-230.06677100000007
2023-12-17,14,304.982785,11,7,8305.572857142857,116278.02,14,11,1,0.6363636363636364,1.2727272727272727,73,Greed,Greed,74.9160139999999,74.9160139999999,0.0
2023-12-18,2,0.0,0,0,15582.089999999998,31164.179999999997,2,0,1,,inf,65,Greed,Greed,74.9160139999999,74.9160139999999,0.0
2023-12-19,15,1000.5386120000001,10,10,6106.827333333334,91602.41,15,10,1,1.0,1.5,73,Greed,Greed,1075.454626,1075.454626,0.0
2023-12-20,18,162.732282,8,8,7868.710555555556,141636.79,18,8,1,1.0,2.25,74,Greed,Greed,1238.186908,1238.186908,0.0
2023-12-21,49,537.211402,27,26,2555.795306122449,125233.97,49,27,1,0.9629629629629629,1.8148148148148149,70,Greed,Greed,1775.39831,1775.39831,0.0
2023-12-22,10,141.832675,2,2,8887.428,88874.28,10,2,1,1.0,5.0,74,Greed,Greed,1917.2309850000001,1917.2309850000001,0.0
2023-12-23,13,146.936704,8,8,6033.711538461538,78438.25,13,8,1,1.0,1.625,70,Greed,Greed,2064.1676890000003,2064.1676890000003,0.0
2023-12-24,39,1008.619956,17,15,10332.177948717948,402954.94,35,21,1,0.8823529411764706,1.6666666666666667,71,Greed,Greed,3072.7876450000003,3072.7876450000003,0.0
2023-12-25,3,-245.081348,1,0,19982.836666666666,59948.51,3,1,1,0.0,3.0,73,Greed,Greed,2827.706297,3072.7876450000003,-245.08134800000016
2023-12-27,28,-704.8892269999999,13,4,6121.823571428571,171411.06,28,13,1,0.3076923076923077,2.1538461538461537,73,Greed,Greed,2122.81707,3072.7876450000003,-949.9705750000003
2023-12-28,23,-970.730876,13,0,4352.923913043478,100117.25,23,13,1,0.0,1.7692307692307692,73,Greed,Greed,1152.086194,3072.7876450000003,-1920.7014510000004
2023-12-29,50,508.92214299999995,20,15,11391.1944,569559.72,44,26,1,0.75,1.6923076923076923,65,Greed,Greed,1661.008337,3072.7876450000003,-1411.7793080000004
2023-12-30,52,354.998648,33,23,13510.58096153846,702550.21,44,41,1,0.696969696969697,1.0731707317073171,68,Greed,Greed,2016.006985,3072.7876450000003,-1056.7806600000004
2024-01-01,18,-129.53146,6,1,14679.973888888888,264239.52999999997,15,9,1,0.16666666666666666,1.6666666666666667,65,Greed,Greed,1886.475525,3072.7876450000003,-1186.3121200000003
2024-01-02,17,783.979116,9,8,7138.1611764705885,121348.74,9,17,1,0.8888888888888888,0.5294117647058824,71,Greed,Greed,2670.4546410000003,3072.7876450000003,-402.3330040000001
2024-01-03,67,866.015507,35,28,5888.050149253731,394499.36,67,35,1,0.8,1.9142857142857144,70,Greed,Greed,3536.4701480000003,3536.4701480000003,0.0
2024-01-04,5,-67.60364,3,0,19958.508,99792.54000000001,5,3,1,0.0,1.6666666666666667,68,Greed,Greed,3468.8665080000005,3536.4701480000003,-67.60363999999981
2024-01-05,66,164.141565,23,13,25817.31303030303,1703942.66,48,41,1,0.5652173913043478,1.170731707317073,72,Greed,Greed,3633.0080730000004,3633.0080730000004,0.0
2024-01-06,22,135.58166400000002,12,10,13569.154545454547,298521.4,21,13,1,0.8333333333333334,1.6153846153846154,70,Greed,Greed,3768.5897370000002,3768.5897370000002,0.0
2024-01-07,97,-835.681235,37,9,10812.887216494846,1048850.06,84,50,1,0.24324324324324326,1.68,71,Greed,Greed,2932.908502,3768.5897370000002,-835.681235
2024-01-08,128,-269.874439,67,32,11894.159609375,1522452.43,94,101,1,0.47761194029850745,0.9306930693069307,71,Greed,Greed,2663.034063,3768.5897370000002,-1105.5556740000002
2024-01-09,70,-826.349863,28,18,12429.313857142857,870051.97,53,45,1,0.6428571428571429,1.1777777777777778,76,Extreme Greed,Greed,1836.6842000000001,3768.5897370000002,-1931.905537
2024-01-10,193,-1517.091342,83,41,10660.515440414507,2057479.48,139,137,1,0.4939759036144578,1.0145985401459854,73,Greed,Greed,319.5928580000002,3768.5897370000002,-3448.9968790000003
2024-01-11,21,-164.08950099999998,9,5,14538.766666666666,305314.1,17,13,2,0.5555555555555556,1.3076923076923077,76,Extreme Greed,Greed,155.50335700000022,3768.5897370000002,-3613.08638
2024-01-12,7,-1925.519024,2,0,28583.181428571428,200082.27,7,2,1,0.0,3.5,71,Greed,Greed,-1770.0156669999997,3768.5897370000002,-5538.605404
2024-01-15,14,152.85358,9,9,3616.8642857142854,50636.1,14,9,2,1.0,1.5555555555555556,52,Neutral,Neutral,-1617.1620869999997,3768.5897370000002,-5385.751824
2024-01-16,9,-2299.171458,5,3,12936.37,116427.33,9,5,2,0.6,1.8,64,Greed,Greed,-3916.3335449999995,3768.5897370000002,-7684.923282
2024-01-17,53,813.2741110000001,19,11,15110.019433962265,800831.03,39,33,1,0.5789473684210527,1.1818181818181819,60,Greed,Greed,-3103.0594339999993,3768.5897370000002,-6871.649170999999
2024-01-18,46,68.93319,9,3,9231.120217391304,424631.52999999997,24,31,1,0.3333333333333333,0.7741935483870968,63,Greed,Greed,-3034.126243999999,3768.5897370000002,-6802.715980999999
2024-01-19,48,-385.419235,27,6,8925.603541666665,428428.97,45,30,2,0.2222222222222222,1.5,51,Neutral,Neutral,-3419.545478999999,3768.5897370000002,-7188.135215999999
2024-01-20,106,-146.57487000000003,32,15,10095.193490566038,1070090.51,77,61,1,0.46875,1.2622950819672132,52,Neutral,Neutral,-3566.120348999999,3768.5897370000002,-7334.710085999999
2024-01-21,11,266.58114600000005,5,3,9375.43090909091,103129.74,6,10,1,0.6,0.6,56,Greed,Greed,-3299.539202999999,3768.5897370000002,-7068.128939999999
2024-01-22,85,1375.640959,41,23,3975.0469411764707,337878.99,71,55,2,0.5609756097560976,1.290909090909091,55,Greed,Greed,-1923.8982439999988,3768.5897370000002,-5692.487980999999
2024-01-23,45,-369.2447299999998,20,11,9211.531777777778,414518.93000000005,40,25,1,0.55,1.6,50,Neutral,Neutral,-2293.1429739999985,3768.5897370000002,-6061.732710999999
2024-01-24,68,-2808.353815,40,10,14192.42044117647,965084.59,54,54,1,0.25,1.0,48,Neutral,Neutral,-5101.496788999999,3768.5897370000002,-8870.086526
2024-01-25,6,-3093.6293849999997,6,0,11094.355000000001,66566.13,6,6,1,0.0,1.0,52,Neutral,Neutral,-8195.126173999999,3768.5897370000002,-11963.715911
2024-01-26,5,90.2,1,1,2354.642,11773.21,5,1,2,1.0,5.0,49,Neutral,Neutral,-8104.926173999999,3768.5897370000002,-11873.515910999999
2024-01-28,11,-2478.06972,11,0,1646.2754545454545,18109.03,11,11,1,0.0,1.0,54,Neutral,Neutral,-10582.995894,3768.5897370000002,-14351.585631
2024-01-29,74,486.562542,45,45,5597.407837837838,414208.18,56,63,2,1.0,0.8888888888888888,55,Greed,Greed,-10096.433352,3768.5897370000002,-13865.023089
2024-01-30,49,-173.65419100000003,19,5,8183.905714285715,401011.38,33,35,1,0.2631578947368421,0.9428571428571428,61,Greed,Greed,-10270.087543,3768.5897370000002,-14038.67728
2024-01-31,859,-799.840817,436,231,7340.683504074505,6305647.13,658,640,1,0.5298165137614679,1.028125,60,Greed,Greed,-11069.92836,3768.5897370000002,-14838.518097
2024-02-01,6,0.0,0,0,334.69666666666666,2008.18,6,0,1,,inf,63,Greed,Greed,-11069.92836,3768.5897370000002,-14838.518097
2024-02-02,42,456.423473,21,13,11292.343571428572,474278.43,34,29,1,0.6190476190476191,1.1724137931034482,63,Greed,Greed,-10613.504887,3768.5897370000002,-14382.094624
2024-02-03,56,223.30918699999998,12,6,10782.5,603820.0,24,44,1,0.5,0.5454545454545454,60,Greed,Greed,-10390.195699999998,3768.5897370000002,-14158.785436999999
2024-02-04,35,47.62389499999999,28,9,5805.358,203187.53,35,28,1,0.32142857142857145,1.25,60,Greed,Greed,-10342.571804999998,3768.5897370000002,-14111.161541999998
2024-02-05,72,-33.45419400000003,32,14,10697.198055555556,770198.26,56,48,1,0.4375,1.1666666666666667,60,Greed,Greed,-10376.025998999998,3768.5897370000002,-14144.615735999998
2024-02-06,1088,-215.615907,523,179,7396.280707720588,8047153.41,788,826,1,0.3422562141491396,0.9539951573849879,64,Greed,Greed,-10591.641905999997,3768.5897370000002,-14360.231642999997
2024-02-07,15,241.24212,2,2,450.582,6758.73,7,10,1,1.0,0.7,62,Greed,Greed,-10350.399785999996,3768.5897370000002,-14118.989522999997
2024-02-08,10,770.756024,4,4,2605.112,26051.12,5,9,1,1.0,0.5555555555555556,66,Greed,Greed,-9579.643761999996,3768.5897370000002,-13348.233498999996
2024-02-11,34,983.443176,7,7,6244.465294117647,212311.82,26,15,1,1.0,1.7333333333333334,71,Greed,Greed,-8596.200585999995,3768.5897370000002,-12364.790322999996
2024-02-12,16,913.8817869999998,15,6,14202.981249999999,227247.69999999998,15,16,1,0.4,0.9375,70,Greed,Greed,-7682.318798999995,3768.5897370000002,-11450.908535999995
2024-02-13,14,559.44389,14,14,142.85642857142858,1999.99,14,14,1,1.0,1.0,79,Extreme Greed,Greed,-7122.874908999995,3768.5897370000002,-10891.464645999995
2024-02-14,111,3830.599833,84,83,2890.4493693693694,320839.88,96,99,2,0.9880952380952381,0.9696969696969697,74,Greed,Greed,-3292.2750759999944,3768.5897370000002,-7060.864812999995
2024-02-15,63,1840.797677,60,57,2939.4926984126987,185188.04,60,63,2,0.95,0.9523809523809523,72,Greed,Greed,-1451.4773989999944,3768.5897370000002,-5220.067135999994
2024-02-16,182,5491.768834,146,146,3103.826978021978,564896.51,161,167,2,1.0,0.9640718562874252,72,Greed,Greed,4040.291435000006,4040.291435000006,0.0
2024-02-17,94,1929.6418,65,61,4320.405,406118.07,92,67,2,0.9384615384615385,1.373134328358209,76,Extreme Greed,Greed,5969.933235000006,5969.933235000006,0.0
2024-02-18,97,477.6248299999999,68,61,1619.0532989690723,157048.17,94,71,1,0.8970588235294118,1.323943661971831,72,Greed,Greed,6447.558065000006,6447.558065000006,0.0
2024-02-19,101,4317.768563,79,77,2835.417821782178,286377.2,88,92,2,0.9746835443037974,0.9565217391304348,75,Extreme Greed,Greed,10765.326628000006,10765.326628000006,0.0
2024-02-20,39,3263.628824,32,31,3062.0441025641026,119419.72,37,34,2,0.96875,1.088235294117647,72,Greed,Greed,14028.955452000006,14028.955452000006,0.0
2024-02-21,22,1858.7985700000002,15,15,4911.250909090909,108047.51999999999,22,15,2,1.0,1.4666666666666666,78,Extreme Greed,Greed,15887.754022000006,15887.754022000006,0.0
2024-02-22,88,3894.1050699999996,54,40,4239.02125,373033.87,88,54,2,0.7407407407407407,1.6296296296296295,74,Greed,Greed,19781.859092000006,19781.859092000006,0.0
2024-02-23,143,1418.55293,138,137,776.966013986014,111106.14,140,141,1,0.9927536231884058,0.9929078014184397,76,Extreme Greed,Greed,21200.412022000008,21200.412022000008,0.0
2024-02-25,5,-30.7705,2,0,896.0260000000001,4480.13,2,5,1,0.0,0.4,74,Greed,Greed,21169.64152200001,21200.412022000008,-30.77049999999872
2024-02-26,39,4416.8473,34,34,4927.875384615385,192187.14,35,38,2,1.0,0.9210526315789473,72,Greed,Greed,25586.48882200001,25586.48882200001,0.0
2024-02-27,63,888.511733,42,26,3323.2111111111108,209362.3,53,60,2,0.6190476190476191,0.8833333333333333,79,Extreme Greed,Greed,26475.00055500001,26475.00055500001,0.0
2024-02-28,45,2503.747235,39,39,3802.380666666667,171107.13,41,43,1,1.0,0.9534883720930233,82,Extreme Greed,Greed,28978.74779000001,28978.74779000001,0.0
2024-02-29,116,9813.996992,100,100,3410.9200862068965,395666.73,103,113,2,1.0,0.911504424778761,80,Extreme Greed,Greed,38792.74478200001,38792.74478200001,0.0
2024-03-01,137,8244.241409,128,128,3452.370072992701,472974.7,136,129,1,1.0,1.054263565891473,80,Extreme Greed,Greed,47036.98619100001,47036.98619100001,0.0
2024-03-02,31,230.90060000000005,28,21,2038.6309677419354,63197.56,29,30,2,0.75,0.9666666666666667,80,Extreme Greed,Greed,47267.88679100001,47267.88679100001,0.0
2024-03-03,79,8361.086245,54,54,4946.1478481012655,390745.68,75,58,1,1.0,1.293103448275862,83,Extreme Greed,Greed,55628.97303600001,55628.97303600001,0.0
2024-03-04,300,27799.775742,270,266,5259.989566666667,1577996.87,290,280,2,0.9851851851851852,1.0357142857142858,82,Extreme Greed,Greed,83428.74877800001,83428.74877800001,0.0
2024-03-05,180,19791.026041,163,163,4676.724,841810.32,175,168,1,1.0,1.0416666666666667,90,Extreme Greed,Greed,103219.77481900001,103219.77481900001,0.0
2024-03-06,82,6814.825139,72,72,3990.4636585365856,327218.02,75,79,1,1.0,0.9493670886075949,75,Extreme Greed,Greed,110034.599958,110034.599958,0.0
2024-03-08,67,4271.886236,59,59,2740.047462686567,183583.18,63,63,1,1.0,1.0,81,Extreme Greed,Greed,114306.48619400001,114306.48619400001,0.0
2024-03-09,117,9949.501624,107,97,5625.459401709401,658178.75,108,116,1,0.9065420560747663,0.9310344827586207,84,Extreme Greed,Greed,124255.98781800001,124255.98781800001,0.0
2024-03-10,42,2482.9272,38,29,5237.472619047619,219973.85,38,42,1,0.7631578947368421,0.9047619047619048,79,Extreme Greed,Greed,126738.91501800001,126738.91501800001,0.0
2024-03-11,42,3588.179495,39,39,4202.844047619047,176519.44999999998,40,41,1,1.0,0.975609756097561,82,Extreme Greed,Greed,130327.09451300002,130327.09451300002,0.0
2024-03-12,8,3039.166,7,7,12880.10625,103040.85,8,7,1,1.0,1.1428571428571428,81,Extreme Greed,Greed,133366.26051300002,133366.26051300002,0.0
2024-03-13,7,0.0,0,0,857.2571428571428,6000.799999999999,7,0,1,,inf,81,Extreme Greed,Greed,133366.26051300002,133366.26051300002,0.0
2024-03-14,18,3465.865832,16,16,11440.732222222221,205933.18,18,16,2,1.0,1.125,88,Extreme Greed,Greed,136832.12634500003,136832.12634500003,0.0
2024-03-15,62,6236.513651,41,41,5675.71629032258,351894.41,53,50,3,1.0,1.06,83,Extreme Greed,Greed,143068.639996,143068.639996,0.0
2024-03-16,8,228.57984,1,1,4652.9575,37223.66,6,3,2,1.0,2.0,81,Extreme Greed,Greed,143297.219836,143297.219836,0.0
2024-03-17,23,503.293955,10,10,4326.389130434783,99506.95,22,11,3,1.0,2.0,79,Extreme Greed,Greed,143800.513791,143800.513791,0.0
2024-03-18,19,1456.9577,6,6,4760.951578947369,90458.08,19,6,3,1.0,3.1666666666666665,77,Extreme Greed,Greed,145257.471491,145257.471491,0.0
2024-03-19,24,668.797973,7,5,9161.868333333334,219884.84,19,12,3,0.7142857142857143,1.5833333333333333,79,Extreme Greed,Greed,145926.269464,145926.269464,0.0
2024-03-20,69,6423.134599,60,60,3126.171739130435,215705.85,67,62,2,1.0,1.0806451612903225,74,Greed,Greed,152349.40406300002,152349.40406300002,0.0
2024-03-21,28,2335.5080749999997,23,23,4210.556071428572,117895.57,27,24,3,1.0,1.125,78,Extreme Greed,Greed,154684.912138,154684.912138,0.0
2024-03-24,19,1297.018477,15,15,4873.274210526315,92592.20999999999,15,19,1,1.0,0.7894736842105263,74,Greed,Greed,155981.93061500002,155981.93061500002,0.0
2024-03-25,7,1302.916428,6,6,8159.4742857142855,57116.32,6,7,1,1.0,0.8571428571428571,75,Extreme Greed,Greed,157284.84704300002,157284.84704300002,0.0
2024-03-26,118,3215.906593,110,110,1682.7558474576272,198565.19,117,111,2,1.0,1.054054054054054,81,Extreme Greed,Greed,160500.753636,160500.753636,0.0
2024-03-27,38,150.41114,19,12,2628.020789473684,99864.79,31,26,2,0.631578947368421,1.1923076923076923,83,Extreme Greed,Greed,160651.16477600002,160651.16477600002,0.0
2024-03-28,13,227.85100799999998,9,9,2717.209230769231,35323.72,12,10,2,1.0,1.2,80,Extreme Greed,Greed,160879.01578400002,160879.01578400002,0.0
2024-03-29,15,883.097404,6,6,5794.291333333333,86914.37,15,6,1,1.0,2.5,79,Extreme Greed,Greed,161762.11318800002,161762.11318800002,0.0
2024-03-30,45,1100.57514,44,44,2246.753777777778,101103.92,45,44,1,1.0,1.0227272727272727,75,Extreme Greed,Greed,162862.68832800002,162862.68832800002,0.0
2024-03-31,13,912.786145,10,10,3070.2276923076925,39912.96,10,13,1,1.0,0.7692307692307693,75,Extreme Greed,Greed,163775.474473,163775.474473,0.0
2024-04-01,77,2507.963406,43,42,4408.7074025974025,339470.47,72,48,2,0.9767441860465116,1.5,79,Extreme Greed,Greed,166283.437879,166283.437879,0.0
2024-04-02,41,883.760812,12,12,5845.475853658536,239664.50999999998,19,34,2,1.0,0.5588235294117647,79,Extreme Greed,Greed,167167.198691,167167.198691,0.0
2024-04-03,4,126.7884,1,1,4221.8925,16887.57,4,1,2,1.0,4.0,71,Greed,Greed,167293.987091,167293.987091,0.0
2024-04-04,32,0.0,0,0,2999.6165625,95987.73,0,32,1,,0.0,70,Greed,Greed,167293.987091,167293.987091,0.0
2024-04-05,100,10706.484306,90,90,5037.918,503791.8,100,90,3,1.0,1.1111111111111112,79,Extreme Greed,Greed,178000.471397,178000.471397,0.0
2024-04-06,16,236.33513399999998,4,4,4263.979375,68223.67,4,16,1,1.0,0.25,75,Extreme Greed,Greed,178236.80653099998,178236.80653099998,0.0
2024-04-07,23,0.0,0,0,2173.397391304348,49988.14,0,23,1,,0.0,78,Extreme Greed,Greed,178236.80653099998,178236.80653099998,0.0
2024-04-08,30,1218.4267,1,1,7064.688,211940.64,1,30,2,1.0,0.03333333333333333,76,Extreme Greed,Greed,179455.233231,179455.233231,0.0
2024-04-09,3,0.0,0,0,19021.280000000002,57063.840000000004,0,3,1,,0.0,80,Extreme Greed,Greed,179455.233231,179455.233231,0.0
2024-04-10,41,5207.443414,36,36,8578.926097560974,351735.97,41,36,1,1.0,1.1388888888888888,78,Extreme Greed,Greed,184662.676645,184662.676645,0.0
2024-04-11,16,389.743164,2,2,4775.06,76400.96,16,2,1,1.0,8.0,76,Extreme Greed,Greed,185052.419809,185052.419809,0.0
2024-04-12,129,-592.6458390000001,101,71,3427.0433333333335,442088.59,129,101,3,0.7029702970297029,1.2772277227722773,79,Extreme Greed,Greed,184459.77397,185052.419809,-592.6458390000043
2024-04-13,89,6621.451755,61,61,5465.294943820225,486411.25,85,65,2,1.0,1.3076923076923077,72,Greed,Greed,191081.225725,191081.225725,0.0
2024-04-14,107,-36104.012520000004,74,33,6160.394112149533,659162.17,100,81,2,0.44594594594594594,1.2345679012345678,72,Greed,Greed,154977.21320499998,191081.225725,-36104.01252000002
2024-04-15,41,3774.08872,35,35,7100.272926829269,291111.19,40,36,2,1.0,1.1111111111111112,74,Greed,Greed,158751.30192499998,191081.225725,-32329.92380000002
2024-04-16,47,2467.702221,43,43,3870.3653191489366,181907.17,44,46,2,1.0,0.9565217391304348,65,Greed,Greed,161219.004146,191081.225725,-29862.221579000005
2024-04-17,14,2441.4683999999997,13,13,6968.785000000001,97562.99,13,14,1,1.0,0.9285714285714286,67,Greed,Greed,163660.472546,191081.225725,-27420.753178999992
2024-04-19,35,1946.4454620000001,27,27,9635.940571428573,337257.92000000004,32,30,1,1.0,1.0666666666666667,66,Greed,Greed,165606.918008,191081.225725,-25474.30771699999
2024-04-20,22,0.0,0,0,2760.601818181818,60733.24,20,2,2,,10.0,66,Greed,Greed,165606.918008,191081.225725,-25474.30771699999
2024-04-22,9,0.0,0,0,5332.623333333333,47993.61,0,9,1,,0.0,73,Greed,Greed,165606.918008,191081.225725,-25474.30771699999
2024-04-23,66,1119.536196,35,35,3531.1348484848486,233054.9,54,47,2,1.0,1.148936170212766,71,Greed,Greed,166726.454204,191081.225725,-24354.771520999988
2024-04-24,20,279.185907,7,6,7063.762,141275.24,20,7,1,0.8571428571428571,2.857142857142857,72,Greed,Greed,167005.64011100002,191081.225725,-24075.58561399998
2024-04-25,74,0.0,0,0,1624.8785135135136,120241.01,74,0,2,,inf,72,Greed,Greed,167005.64011100002,191081.225725,-24075.58561399998
2024-04-26,3,0.0,0,0,1662.7633333333335,4988.290000000001,0,3,1,,0.0,70,Greed,Greed,167005.64011100002,191081.225725,-24075.58561399998
2024-04-27,27,4281.488139,19,19,5713.498888888889,154264.47,19,27,1,1.0,0.7037037037037037,67,Greed,Greed,171287.12825,191081.225725,-19794.097474999988
2024-04-28,58,0.0,0,0,758.3724137931034,43985.6,0,58,2,,0.0,65,Greed,Greed,171287.12825,191081.225725,-19794.097474999988
2024-04-29,45,526.9338359999999,17,17,2415.5335555555553,108699.01,24,38,2,1.0,0.631578947368421,67,Greed,Greed,171814.06208600002,191081.225725,-19267.163638999977
2024-04-30,24,0.0,0,0,5209.114583333333,125018.75,24,0,1,,inf,67,Greed,Greed,171814.06208600002,191081.225725,-19267.163638999977
2024-05-01,14,0.0,0,0,6216.103571428571,87025.45,14,0,1,,inf,54,Neutral,Neutral,171814.06208600002,191081.225725,-19267.163638999977
2024-05-03,36,5306.017045,19,17,7852.295833333333,282682.64999999997,20,35,3,0.8947368421052632,0.5714285714285714,48,Neutral,Neutral,177120.079131,191081.225725,-13961.14659399999
2024-05-04,9,0.0,0,0,6555.416666666667,58998.75,0,9,2,,0.0,67,Greed,Greed,177120.079131,191081.225725,-13961.14659399999
2024-05-05,6,0.916,1,1,4011.391666666667,24068.350000000002,1,6,2,1.0,0.16666666666666666,69,Greed,Greed,177120.995131,191081.225725,-13960.230593999993
2024-05-06,9,968.59038,4,4,22890.714444444442,206016.43,8,5,1,1.0,1.6,71,Greed,Greed,178089.585511,191081.225725,-12991.640213999985
2024-05-07,18,883.537693,9,9,6039.865555555556,108717.58,10,17,3,1.0,0.5882352941176471,68,Greed,Greed,178973.123204,191081.225725,-12108.102520999993
2024-05-08,13,1.56576,2,1,5074.89,65973.57,13,2,2,0.5,6.5,64,Greed,Greed,178974.688964,191081.225725,-12106.536760999996
2024-05-09,28,1147.595856,11,11,7927.361428571428,221966.12,20,19,2,1.0,1.0526315789473684,55,Greed,Greed,180122.28482,191081.225725,-10958.940904999996
2024-05-10,22,2101.741695,6,6,7131.0,156882.0,16,12,1,1.0,1.3333333333333333,66,Greed,Greed,182224.026515,191081.225725,-8857.199209999992
2024-05-11,9,251.604742,9,9,7027.661111111111,63248.95,9,9,1,1.0,1.0,53,Neutral,Neutral,182475.631257,191081.225725,-8605.594467999996
2024-05-12,23,0.0,0,0,2399.111304347826,55179.56,17,6,2,,2.8333333333333335,56,Greed,Greed,182475.631257,191081.225725,-8605.594467999996
2024-05-13,28,2136.853859,10,10,6897.103571428571,193118.9,15,23,2,1.0,0.6521739130434783,57,Greed,Greed,184612.485116,191081.225725,-6468.740609
2024-05-14,23,1150.5233050000002,4,4,6341.452173913043,145853.4,23,4,1,1.0,5.75,66,Greed,Greed,185763.008421,191081.225725,-5318.217303999991
2024-05-15,36,948.970582,17,17,6525.626944444444,234922.57,26,27,1,1.0,0.9629629629629629,64,Greed,Greed,186711.97900300001,191081.225725,-4369.246721999982
2024-05-16,27,214.5898,5,5,6022.998518518518,162620.96,14,18,2,1.0,0.7777777777777778,70,Greed,Greed,186926.568803,191081.225725,-4154.656921999995
2024-05-18,25,3522.3946610000003,16,16,5052.1256,126303.14,16,25,1,1.0,0.64,73,Greed,Greed,190448.963464,191081.225725,-632.2622609999962
2024-05-19,8,0.0,0,0,3749.76125,29998.09,8,0,1,,inf,72,Greed,Greed,190448.963464,191081.225725,-632.2622609999962
2024-05-20,10,-74.818442,3,0,3812.475,38124.75,10,3,2,0.0,3.3333333333333335,70,Greed,Greed,190374.145022,191081.225725,-707.0807029999851
2024-05-21,125,7289.397571999999,25,14,8807.588720000002,1100948.59,43,107,2,0.56,0.40186915887850466,76,Extreme Greed,Greed,197663.542594,197663.542594,0.0
2024-05-22,6,0.0,0,0,7499.215,44995.29,0,6,1,,0.0,76,Extreme Greed,Greed,197663.542594,197663.542594,0.0
2024-05-23,325,413.347329,156,145,1236.4633846153845,401850.6,217,264,3,0.9294871794871795,0.821969696969697,76,Extreme Greed,Greed,198076.889923,198076.889923,0.0
2024-05-24,2,821.949278,2,2,25405.949999999997,50811.899999999994,2,2,1,1.0,1.0,74,Greed,Greed,198898.839201,198898.839201,0.0
2024-05-25,16,14.126038999999999,5,5,1874.4456249999998,29991.129999999997,7,14,2,1.0,0.5,76,Extreme Greed,Greed,198912.96524,198912.96524,0.0
2024-05-26,16,778.6839,4,4,3373.541875,53976.67,4,16,2,1.0,0.25,75,Extreme Greed,Greed,199691.64914,199691.64914,0.0
2024-05-27,251,1129.35587,93,90,602.0546613545816,151115.72,93,251,1,0.967741935483871,0.3705179282868526,74,Greed,Greed,200821.00501,200821.00501,0.0
2024-05-29,164,277.791953,71,68,513.8339024390243,84268.76,79,156,2,0.9577464788732394,0.5064102564102564,72,Greed,Greed,201098.796963,201098.796963,0.0
2024-05-30,7,20.951433,5,5,405.4414285714286,2838.09,5,7,1,1.0,0.7142857142857143,73,Greed,Greed,201119.748396,201119.748396,0.0
2024-05-31,13,25.35812,4,4,279.70307692307694,3636.14,4,13,1,1.0,0.3076923076923077,73,Greed,Greed,201145.106516,201145.106516,0.0
2024-06-01,25,91.510419,9,9,513.3848,12834.62,9,25,1,1.0,0.36,72,Greed,Greed,201236.616935,201236.616935,0.0
2024-06-02,93,192.906947,34,34,316.822688172043,29464.51,34,93,1,1.0,0.3655913978494624,73,Greed,Greed,201429.523882,201429.523882,0.0
2024-06-03,70,562.808208,44,44,306.66942857142857,21466.86,44,70,1,1.0,0.6285714285714286,73,Greed,Greed,201992.33209,201992.33209,0.0
2024-06-04,53,52.211438,25,25,457.42283018867926,24243.41,25,53,1,1.0,0.4716981132075472,73,Greed,Greed,202044.543528,202044.543528,0.0
2024-06-05,54,56.055506,17,16,469.4587037037037,25350.77,17,54,1,0.9411764705882353,0.3148148148148148,75,Extreme Greed,Greed,202100.599034,202100.599034,0.0
2024-06-06,234,274.173187,102,100,587.8536752136753,137557.76,103,233,1,0.9803921568627451,0.44206008583690987,78,Extreme Greed,Greed,202374.77222100002,202374.77222100002,0.0
2024-06-07,440,8902.467416,178,176,2496.7926363636366,1098588.76,246,372,3,0.9887640449438202,0.6612903225806451,77,Extreme Greed,Greed,211277.23963700002,211277.23963700002,0.0
2024-06-08,29,129.13883900000002,8,8,3356.961379310345,97351.88,29,8,2,1.0,3.625,72,Greed,Greed,211406.378476,211406.378476,0.0
2024-06-09,17,0.0,0,0,1318.2482352941176,22410.22,17,0,2,,inf,75,Extreme Greed,Greed,211406.378476,211406.378476,0.0
2024-06-10,53,31.266804999999998,18,18,879.0175471698113,46587.93,22,49,2,1.0,0.4489795918367347,72,Greed,Greed,211437.645281,211437.645281,0.0
2024-06-11,123,4320.631811,17,17,3034.7960975609753,373279.92,123,17,3,1.0,7.235294117647059,74,Greed,Greed,215758.277092,215758.277092,0.0
2024-06-12,254,-21886.531493,78,21,761.4486614173228,193407.96,115,217,2,0.2692307692307692,0.5299539170506913,72,Greed,Greed,193871.74559900002,215758.277092,-21886.531492999988
2024-06-13,79,6632.757115,20,19,1678.1926582278481,132577.22,79,20,2,0.95,3.95,70,Greed,Greed,200504.502714,215758.277092,-15253.774378000002
2024-06-14,31,10258.592609,15,15,4511.892258064517,139868.66,31,15,2,1.0,2.066666666666667,74,Greed,Greed,210763.095323,215758.277092,-4995.181769000017
2024-06-15,78,3369.958346,38,38,9209.61858974359,718350.25,47,69,2,1.0,0.6811594202898551,74,Greed,Greed,214133.053669,215758.277092,-1625.2234230000176
2024-06-16,11,0.0,0,0,2294.0981818181817,25235.079999999998,0,11,1,,0.0,71,Greed,Greed,214133.053669,215758.277092,-1625.2234230000176
2024-06-17,38,10599.502375,26,25,9694.213684210526,368380.12,36,28,2,0.9615384615384616,1.2857142857142858,71,Greed,Greed,224732.556044,224732.556044,0.0
2024-06-18,25,282.57636,4,4,10532.5916,263314.79,25,4,2,1.0,6.25,74,Greed,Greed,225015.132404,225015.132404,0.0
2024-06-19,61,4887.656944,31,31,6837.231475409836,417071.12,34,58,3,1.0,0.5862068965517241,64,Greed,Greed,229902.789348,229902.789348,0.0
2024-06-20,39,57478.456026,8,8,5333.097435897435,207990.8,0,39,3,1.0,0.0,60,Greed,Greed,287381.245374,287381.245374,0.0
2024-06-21,80,773.5582039999999,3,3,2203.306125,176264.49,68,15,2,1.0,4.533333333333333,63,Greed,Greed,288154.803578,288154.803578,0.0
2024-06-22,24,756.876565,8,8,7066.427916666667,169594.27000000002,12,20,2,1.0,0.6,53,Neutral,Neutral,288911.680143,288911.680143,0.0
2024-06-23,5,0.0,0,0,358.424,1792.12,0,5,1,,0.0,55,Greed,Greed,288911.680143,288911.680143,0.0
2024-06-24,31,0.0,0,0,13000.090322580645,403002.8,25,6,2,,4.166666666666667,51,Neutral,Neutral,288911.680143,288911.680143,0.0
2024-06-25,49,4869.353105,11,11,2104.062857142857,103099.08,11,49,1,1.0,0.22448979591836735,30,Fear,Fear,293781.03324799996,293781.03324799996,0.0
2024-06-26,72,4197.732182,21,21,5072.092500000001,365190.66000000003,62,31,2,1.0,2.0,46,Neutral,Neutral,297978.76542999997,297978.76542999997,0.0
2024-06-27,30,0.0,0,0,4349.565,130486.95,12,18,2,,0.6666666666666666,40,Fear,Fear,297978.76542999997,297978.76542999997,0.0
2024-06-29,75,6150.326145,24,24,3734.6014666666665,280095.11,36,63,2,1.0,0.5714285714285714,30,Fear,Fear,304129.09157499997,304129.09157499997,0.0
2024-06-30,14,0.0,0,0,2180.049285714286,30520.69,5,9,2,,0.5555555555555556,47,Neutral,Neutral,304129.09157499997,304129.09157499997,0.0
2024-07-01,64,5065.839308,26,26,5666.721093749999,362670.14999999997,26,58,2,1.0,0.4482758620689655,53,Neutral,Neutral,309194.93088299996,309194.93088299996,0.0
2024-07-02,18,2421.253116,13,13,1852.6372222222224,33347.47,13,13,1,1.0,1.0,51,Neutral,Neutral,311616.18399899994,311616.18399899994,0.0
2024-07-03,18,1118.387284,4,4,9977.814444444444,179600.66,18,4,2,1.0,4.5,50,Neutral,Neutral,312734.57128299994,312734.57128299994,0.0
2024-07-04,25,0.0,0,0,17222.720400000002,430568.01,25,0,2,,inf,44,Fear,Fear,312734.57128299994,312734.57128299994,0.0
2024-07-05,32,0.0,0,0,8509.0590625,272289.89,32,0,2,,inf,29,Fear,Fear,312734.57128299994,312734.57128299994,0.0
2024-07-06,24,108.87217799999999,7,7,103.75708333333334,2490.17,17,7,1,1.0,2.4285714285714284,26,Fear,Fear,312843.44346099993,312843.44346099993,0.0
2024-07-07,10,61.428942,10,10,49.875,498.75,0,10,1,1.0,0.0,29,Fear,Fear,312904.87240299996,312904.87240299996,0.0
2024-07-08,1,0.0,0,0,497.64,497.64,1,0,1,,inf,28,Fear,Fear,312904.87240299996,312904.87240299996,0.0
2024-07-09,15,648.984412,15,15,182.42999999999998,2736.45,0,15,1,1.0,0.0,27,Fear,Fear,313553.85681499995,313553.85681499995,0.0
2024-07-10,56,11977.734907,38,38,12283.93232142857,687900.21,43,46,2,1.0,0.9347826086956522,28,Fear,Fear,325531.5917219999,325531.5917219999,0.0
2024-07-11,19,1876.812082,9,9,8941.422105263156,169887.02,19,9,1,1.0,2.111111111111111,29,Fear,Fear,327408.40380399994,327408.40380399994,0.0
2024-07-12,19,1412.314654,9,9,4714.893157894737,89582.97,19,9,2,1.0,2.111111111111111,25,Fear,Fear,328820.71845799993,328820.71845799993,0.0
2024-07-13,17,2913.617837,17,17,8187.599411764706,139189.19,13,17,2,1.0,0.7647058823529411,25,Fear,Fear,331734.3362949999,331734.3362949999,0.0
2024-07-14,7,0.0,0,0,12000.16142857143,84001.13,0,7,1,,0.0,33,Fear,Fear,331734.3362949999,331734.3362949999,0.0
2024-07-15,26,-1.0,2,0,7628.6480769230775,198344.85,2,26,2,0.0,0.07692307692307693,52,Neutral,Neutral,331733.3362949999,331734.3362949999,-1.0
2024-07-16,22,0.0,0,0,6545.480454545454,144000.57,0,22,1,,0.0,65,Greed,Greed,331733.3362949999,331734.3362949999,-1.0
2024-07-17,351,1859.269477,155,145,1783.4915384615385,626005.53,155,351,3,0.9354838709677419,0.4415954415954416,69,Greed,Greed,333592.6057719999,333592.6057719999,0.0
2024-07-18,60,3803.884311,48,48,10828.414166666666,649704.85,60,48,2,1.0,1.25,61,Greed,Greed,337396.4900829999,337396.4900829999,0.0
2024-07-19,23,2155.891114,12,12,6533.453043478262,150269.42,13,22,2,1.0,0.5909090909090909,60,Greed,Greed,339552.3811969999,339552.3811969999,0.0
2024-07-20,266,2299.169566,36,33,918.65492481203,244362.21,41,261,2,0.9166666666666666,0.15708812260536398,74,Greed,Greed,341851.5507629999,341851.5507629999,0.0
2024-07-21,448,-2960.716887,236,21,523.0077232142856,234307.46,239,445,2,0.08898305084745763,0.5370786516853933,74,Greed,Greed,338890.8338759999,341851.5507629999,-2960.716887000017
2024-07-22,154,1517.119876,106,22,1975.4142857142856,304213.8,111,149,2,0.20754716981132076,0.7449664429530202,70,Greed,Greed,340407.9537519999,341851.5507629999,-1443.5970110000344
2024-07-23,370,89890.302206,364,329,968.9906486486486,358526.54,366,368,3,0.9038461538461539,0.9945652173913043,71,Greed,Greed,430298.25595799985,430298.25595799985,0.0
2024-07-24,90,625.561479,18,18,768.977,69207.93,54,54,5,1.0,1.0,69,Greed,Greed,430923.8174369999,430923.8174369999,0.0
2024-07-25,78,916.7382600000001,10,10,6776.350128205129,528555.31,77,11,3,1.0,7.0,68,Greed,Greed,431840.5556969999,431840.5556969999,0.0
2024-07-26,152,2766.513113,61,61,3609.1292763157894,548587.65,72,141,4,1.0,0.5106382978723404,68,Greed,Greed,434607.0688099999,434607.0688099999,0.0
2024-07-27,57,6400.623656,42,42,15880.697368421053,905199.75,51,48,2,1.0,1.0625,72,Greed,Greed,441007.6924659999,441007.6924659999,0.0
2024-07-28,16,587.29903,12,12,2703.4175,43254.68,15,13,2,1.0,1.1538461538461537,71,Greed,Greed,441594.9914959999,441594.9914959999,0.0
2024-07-29,39,330.80445399999996,16,16,8389.72153846154,327199.14,31,24,2,1.0,1.2916666666666667,74,Greed,Greed,441925.79594999994,441925.79594999994,0.0
2024-07-30,6,0.0,0,0,6001.078333333334,36006.47,6,0,1,,inf,67,Greed,Greed,441925.79594999994,441925.79594999994,0.0
2024-07-31,43,765.690884,14,14,1965.2683720930231,84506.54,17,40,2,1.0,0.425,61,Greed,Greed,442691.4868339999,442691.4868339999,0.0
2024-08-01,57,167.080017,7,4,3996.044385964912,227774.53,53,11,4,0.5714285714285714,4.818181818181818,52,Neutral,Neutral,442858.5668509999,442858.5668509999,0.0
2024-08-02,63,782.3681909999999,17,17,6290.799523809524,396320.37,59,21,3,1.0,2.8095238095238093,57,Greed,Greed,443640.9350419999,443640.9350419999,0.0
2024-08-03,37,464.1897,1,1,7852.239459459459,290532.86,36,2,5,1.0,18.0,37,Fear,Fear,444105.1247419999,444105.1247419999,0.0
2024-08-04,127,-122672.000883,65,3,9509.795826771655,1207744.07,125,67,5,0.046153846153846156,1.8656716417910448,34,Fear,Fear,321433.1238589999,444105.1247419999,-122672.00088299997
2024-08-05,80,-13013.665169,38,33,5256.1925,420495.4,53,40,4,0.868421052631579,1.325,26,Fear,Fear,308419.45868999994,444105.1247419999,-135685.66605199996
2024-08-06,107,267.318048,26,13,574.5642990654205,61478.38,76,31,2,0.5,2.4516129032258065,17,Extreme Fear,Fear,308686.7767379999,444105.1247419999,-135418.34800399997
2024-08-07,33,188.789255,10,10,75.53848484848484,2492.77,12,21,3,1.0,0.5714285714285714,29,Fear,Fear,308875.56599299994,444105.1247419999,-135229.55874899996
2024-08-08,9,-40.712216999999995,3,0,1811.038888888889,16299.35,5,4,2,0.0,1.25,20,Extreme Fear,Fear,308834.8537759999,444105.1247419999,-135270.27096599998
2024-08-09,144,18082.071276,58,43,3494.4781944444444,503204.86,87,115,5,0.7413793103448276,0.7565217391304347,48,Neutral,Neutral,326916.9250519999,444105.1247419999,-117188.19968999998
2024-08-10,88,0.0,0,0,128.8555681818182,11339.29,87,1,2,,87.0,40,Fear,Fear,326916.9250519999,444105.1247419999,-117188.19968999998
2024-08-11,24,847.7766200000001,4,4,1842.9254166666667,44230.21,20,8,2,1.0,2.5,39,Fear,Fear,327764.70167199994,444105.1247419999,-116340.42306999996
2024-08-12,48,858.6705000000001,6,6,1128.4858333333334,54167.32,39,15,3,1.0,2.6,25,Fear,Fear,328623.37217199994,444105.1247419999,-115481.75256999995
2024-08-13,23,212.08102,8,8,904.2552173913043,20797.87,20,11,3,1.0,1.8181818181818181,31,Fear,Fear,328835.4531919999,444105.1247419999,-115269.67154999997
2024-08-14,25,2168.9015130000003,5,5,2668.4012,66710.03,24,6,3,1.0,4.0,30,Fear,Fear,331004.35470499995,444105.1247419999,-113100.77003699995
2024-08-15,12,0.0,0,0,126.86416666666668,1522.3700000000001,12,0,1,,inf,29,Fear,Fear,331004.35470499995,444105.1247419999,-113100.77003699995
2024-08-16,35,825.230544,3,3,4753.795428571429,166382.84,35,3,2,1.0,11.666666666666666,27,Fear,Fear,331829.58524899994,444105.1247419999,-112275.53949299996
2024-08-17,30,-288.283113,1,0,1008.2986666666667,30248.96,29,1,2,0.0,29.0,25,Fear,Fear,331541.30213599995,444105.1247419999,-112563.82260599994
2024-08-18,15,307.201888,12,12,4186.965333333334,62804.48,12,15,2,1.0,0.8,31,Fear,Fear,331848.50402399997,444105.1247419999,-112256.62071799993
2024-08-19,8,339.69958299999996,5,5,12539.37875,100315.03,8,5,1,1.0,1.6,28,Fear,Fear,332188.20360699994,444105.1247419999,-111916.92113499995
2024-08-20,12,192.602844,1,1,4159.566666666667,49914.8,5,8,2,1.0,0.625,30,Fear,Fear,332380.8064509999,444105.1247419999,-111724.31829099997
2024-08-21,145,656.200925,54,54,724.0717931034483,104990.41,56,143,2,1.0,0.3916083916083916,26,Fear,Fear,333037.00737599994,444105.1247419999,-111068.11736599996
2024-08-23,10,1005.30527,3,3,6350.956,63509.56,3,10,1,1.0,0.3,34,Fear,Fear,334042.31264599995,444105.1247419999,-110062.81209599995
2024-08-24,7,0.0,0,0,4999.952857142857,34999.67,0,7,2,,0.0,56,Greed,Greed,334042.31264599995,444105.1247419999,-110062.81209599995
2024-08-25,17,0.0,0,0,1291.1929411764704,21950.28,8,9,2,,0.8888888888888888,54,Neutral,Neutral,334042.31264599995,444105.1247419999,-110062.81209599995
2024-08-26,6,231.236918,2,2,15435.211666666668,92611.27,6,2,2,1.0,3.0,55,Greed,Greed,334273.5495639999,444105.1247419999,-109831.57517799997
2024-08-27,50,0.0,0,0,1405.0032,70250.16,49,1,2,,49.0,48,Neutral,Neutral,334273.5495639999,444105.1247419999,-109831.57517799997
2024-08-28,9,1333.359645,2,2,7906.674444444444,71160.06999999999,9,2,2,1.0,4.5,30,Fear,Fear,335606.90920899995,444105.1247419999,-108498.21553299995
2024-08-29,1,0.0,0,0,9995.85,9995.85,0,1,1,,0.0,29,Fear,Fear,335606.90920899995,444105.1247419999,-108498.21553299995
2024-08-30,6,256.464,1,1,6205.54,37233.24,4,3,4,1.0,1.3333333333333333,34,Fear,Fear,335863.3732089999,444105.1247419999,-108241.75153299997
2024-08-31,34,10.882801,13,12,3161.983235294118,107507.43000000001,11,25,3,0.9230769230769231,0.44,29,Fear,Fear,335874.25600999995,444105.1247419999,-108230.86873199994
2024-09-01,12,137.433093,5,5,1029.9733333333334,12359.68,8,9,1,1.0,0.8888888888888888,26,Fear,Fear,336011.689103,444105.1247419999,-108093.43563899992
2024-09-02,2,0.0,0,0,15000.21,30000.42,2,0,1,,inf,26,Fear,Fear,336011.689103,444105.1247419999,-108093.43563899992
2024-09-04,34,1065.785132,8,5,3867.0873529411765,131480.97,34,8,2,0.625,4.25,27,Fear,Fear,337077.474235,444105.1247419999,-107027.65050699993
2024-09-05,1,0.0,0,0,0.84,0.84,0,1,1,,0.0,29,Fear,Fear,337077.474235,444105.1247419999,-107027.65050699993
2024-09-06,42,-1104.856765,38,0,929.6928571428571,39047.1,4,38,2,0.0,0.10526315789473684,22,Extreme Fear,Fear,335972.61747,444105.1247419999,-108132.5072719999
2024-09-08,1,0.0,0,0,0.11,0.11,0,1,1,,0.0,29,Fear,Fear,335972.61747,444105.1247419999,-108132.5072719999
2024-09-09,2,0.0,0,0,2007.2150000000001,4014.4300000000003,2,0,1,,inf,26,Fear,Fear,335972.61747,444105.1247419999,-108132.5072719999
2024-09-10,3,-219.729659,2,0,849.0933333333334,2547.28,3,2,2,0.0,1.5,33,Fear,Fear,335752.887811,444105.1247419999,-108352.2369309999
2024-09-11,1,0.0,0,0,0.54,0.54,0,1,1,,0.0,37,Fear,Fear,335752.887811,444105.1247419999,-108352.2369309999
2024-09-14,11,0.0,0,0,92.25454545454546,1014.8000000000001,10,1,2,,10.0,50,Neutral,Neutral,335752.887811,444105.1247419999,-108352.2369309999
2024-09-18,145,-878.684794,134,0,94.02413793103449,13633.5,11,134,1,0.0,0.08208955223880597,45,Neutral,Neutral,334874.203017,444105.1247419999,-109230.9217249999
2024-09-19,19,0.0,0,0,80.09842105263158,1521.8700000000001,19,0,1,,inf,49,Neutral,Neutral,334874.203017,444105.1247419999,-109230.9217249999
2024-09-20,16,9585.03428,9,8,20804.58625,332873.38,12,13,2,0.8888888888888888,0.9230769230769231,54,Neutral,Neutral,344459.237297,444105.1247419999,-99645.88744499988
2024-09-21,23,36165.56933,23,23,7202.092173913044,165648.12,23,23,1,1.0,1.0,54,Neutral,Neutral,380624.806627,444105.1247419999,-63480.318114999915
2024-09-22,3,0.0,0,0,6666.579999999999,19999.739999999998,3,0,1,,inf,52,Neutral,Neutral,380624.806627,444105.1247419999,-63480.318114999915
2024-09-23,2,334.760796,1,1,20167.145,40334.29,2,1,1,1.0,2.0,50,Neutral,Neutral,380959.567423,444105.1247419999,-63145.5573189999
2024-09-24,10,0.0,0,0,711.863,7118.63,9,1,2,,9.0,54,Neutral,Neutral,380959.567423,444105.1247419999,-63145.5573189999
2024-09-25,9,0.0,0,0,5861.570000000001,52754.130000000005,6,3,2,,2.0,59,Greed,Greed,380959.567423,444105.1247419999,-63145.5573189999
2024-09-26,8,439.812513,2,2,14213.991250000001,113711.93000000001,2,8,2,1.0,0.25,50,Neutral,Neutral,381399.379936,444105.1247419999,-62705.744805999915
2024-09-27,56,0.0,0,0,2251.732857142857,126097.04,0,56,2,,0.0,61,Greed,Greed,381399.379936,444105.1247419999,-62705.744805999915
2024-09-28,4,0.0,0,0,7299.8025,29199.21,0,4,1,,0.0,64,Greed,Greed,381399.379936,444105.1247419999,-62705.744805999915
2024-09-30,106,2710.626288,5,5,2025.1872641509435,214669.85,10,101,2,1.0,0.09900990099009901,61,Greed,Greed,384110.006224,444105.1247419999,-59995.11851799989
2024-10-01,4,0.0,0,0,34988.58,139954.32,4,0,1,,inf,50,Neutral,Neutral,384110.006224,444105.1247419999,-59995.11851799989
2024-10-02,4,0.0,0,0,24988.585,99954.34,4,0,1,,inf,42,Fear,Fear,384110.006224,444105.1247419999,-59995.11851799989
2024-10-03,9,100.375782,3,3,14770.632222222222,132935.69,9,3,2,1.0,3.0,37,Fear,Fear,384210.382006,444105.1247419999,-59894.74273599987
2024-10-04,1,0.0,0,0,0.34,0.34,0,1,1,,0.0,41,Fear,Fear,384210.382006,444105.1247419999,-59894.74273599987
2024-10-05,37,5767.161892,24,24,16367.722702702702,605605.74,32,29,2,1.0,1.103448275862069,49,Neutral,Neutral,389977.54389800003,444105.1247419999,-54127.580843999865
2024-10-06,22,130.487079,5,5,13642.298181818182,300130.56,11,16,1,1.0,0.6875,50,Neutral,Neutral,390108.030977,444105.1247419999,-53997.09376499988
2024-10-07,21,0.0,0,0,10475.459523809524,219984.65,0,21,1,,0.0,50,Neutral,Neutral,390108.030977,444105.1247419999,-53997.09376499988
2024-10-08,36,5396.546638,33,33,12071.781388888889,434584.13,34,35,2,1.0,0.9714285714285714,49,Neutral,Neutral,395504.577615,444105.1247419999,-48600.54712699988
2024-10-09,14,396.06272,3,3,15742.852142857142,220399.93,14,3,1,1.0,4.666666666666667,49,Neutral,Neutral,395900.640335,444105.1247419999,-48204.484406999894
2024-10-10,16,0.0,0,0,18751.521249999998,300024.33999999997,16,0,1,,inf,39,Fear,Fear,395900.640335,444105.1247419999,-48204.484406999894
2024-10-11,26,8885.327477,18,18,18804.007307692307,488904.19,18,26,2,1.0,0.6923076923076923,32,Fear,Fear,404785.967812,444105.1247419999,-39319.15692999988
2024-10-12,10,541.55471,7,7,15971.34,159713.4,8,9,1,1.0,0.8888888888888888,49,Neutral,Neutral,405327.522522,444105.1247419999,-38777.602219999884
2024-10-13,10,0.0,0,0,6000.242,60002.42,10,0,1,,inf,50,Neutral,Neutral,405327.522522,444105.1247419999,-38777.602219999884
2024-10-14,5,1913.61958,5,5,12383.204000000002,61916.020000000004,5,5,1,1.0,1.0,48,Neutral,Neutral,407241.142102,444105.1247419999,-36863.982639999886
2024-10-15,7,1170.2260760000001,4,4,11596.194285714286,81173.36,7,4,1,1.0,1.75,65,Greed,Greed,408411.36817800003,444105.1247419999,-35693.756563999865
2024-10-16,11,219.480876,3,3,7293.560909090909,80229.17,11,3,1,1.0,3.6666666666666665,73,Greed,Greed,408630.84905400005,444105.1247419999,-35474.27568799985
2024-10-17,9,36.11496,2,1,15614.638888888889,140531.75,9,2,2,0.5,4.5,71,Greed,Greed,408666.964014,444105.1247419999,-35438.16072799987
2024-10-18,6,333.219141,5,5,20055.238333333335,120331.43000000001,6,5,1,1.0,1.2,73,Greed,Greed,409000.18315500004,444105.1247419999,-35104.94158699986
2024-10-19,4,0.0,0,0,24999.215,99996.86,4,0,1,,inf,72,Greed,Greed,409000.18315500004,444105.1247419999,-35104.94158699986
2024-10-20,96,389.155797,11,11,1837.9985416666668,176447.86000000002,12,95,2,1.0,0.12631578947368421,73,Greed,Greed,409389.338952,444105.1247419999,-34715.78578999988
2024-10-21,173,2464.915564,68,68,1873.5143930635838,324117.99,79,162,2,1.0,0.4876543209876543,72,Greed,Greed,411854.25451600004,444105.1247419999,-32250.870225999854
2024-10-22,3,0.0,0,0,20000.12,60000.36,3,0,1,,inf,70,Greed,Greed,411854.25451600004,444105.1247419999,-32250.870225999854
2024-10-23,18,-46.489941,3,0,11667.003888888888,210006.07,18,3,1,0.0,6.0,71,Greed,Greed,411807.76457500004,444105.1247419999,-32297.36016699986
2024-10-25,30,13235.862071,21,21,14262.772666666666,427883.18,30,21,2,1.0,1.4285714285714286,72,Greed,Greed,425043.626646,444105.1247419999,-19061.49809599988
2024-10-27,4,666.6623079999999,3,3,22666.1025,90664.41,3,4,1,1.0,0.75,74,Greed,Greed,425710.28895400005,444105.1247419999,-18394.83578799985
2024-10-28,13,167.28016200000002,4,4,9345.788461538461,121495.25,1,13,2,1.0,0.07692307692307693,72,Greed,Greed,425877.569116,444105.1247419999,-18227.55562599987
2024-10-29,53,801.170876,3,3,11571.09075471698,613267.8099999999,3,53,2,1.0,0.05660377358490566,72,Greed,Greed,426678.73999200005,444105.1247419999,-17426.384749999852
2024-10-30,25,9.150023,8,7,473.23400000000004,11830.85,8,25,1,0.875,0.32,77,Extreme Greed,Greed,426687.89001500007,444105.1247419999,-17417.234726999828
2024-10-31,48,1214.043811,37,34,18670.278333333332,896173.36,45,40,3,0.918918918918919,1.125,77,Extreme Greed,Greed,427901.9338260001,444105.1247419999,-16203.190915999818
2024-11-01,23,1040.475736,10,6,11347.001304347827,260981.03,23,10,2,0.6,2.3,75,Extreme Greed,Greed,428942.4095620001,444105.1247419999,-15162.715179999825
2024-11-02,2,0.0,0,0,20000.0,40000.0,2,0,1,,inf,72,Greed,Greed,428942.4095620001,444105.1247419999,-15162.715179999825
2024-11-03,6,0.0,0,0,21509.27666666667,129055.66,6,0,2,,inf,74,Greed,Greed,428942.4095620001,444105.1247419999,-15162.715179999825
2024-11-04,36,2799.410474,23,23,12550.332499999999,451811.97,36,23,2,1.0,1.565217391304348,70,Greed,Greed,431741.82003600005,444105.1247419999,-12363.30470599985
2024-11-05,10,678.4759280000001,5,5,20062.723,200627.23,10,5,1,1.0,2.0,70,Greed,Greed,432420.29596400005,444105.1247419999,-11684.82877799985
2024-11-06,15,2817.83723,9,7,8260.46,123906.9,15,9,2,0.7777777777777778,1.6666666666666667,70,Greed,Greed,435238.13319400005,444105.1247419999,-8866.991547999845
2024-11-07,113,4493.353136,60,60,985.2681415929204,111335.3,65,60,3,1.0,1.0833333333333333,77,Extreme Greed,Greed,439731.48633000004,444105.1247419999,-4373.638411999855
2024-11-08,39,-64.41354100000007,16,6,6941.036923076923,270700.44,39,16,2,0.375,2.4375,75,Extreme Greed,Greed,439667.07278900006,444105.1247419999,-4438.051952999842
2024-11-09,86,102.90894,44,19,2248.655930232558,193384.41,53,77,2,0.4318181818181818,0.6883116883116883,75,Extreme Greed,Greed,439769.98172900005,444105.1247419999,-4335.143012999848
2024-11-10,173,991.114334,51,51,2390.963583815029,413636.7,54,170,3,1.0,0.3176470588235294,78,Extreme Greed,Greed,440761.09606300003,444105.1247419999,-3344.0286789998645
2024-11-11,373,6749.630996,96,92,4210.649919571046,1570572.42,107,362,4,0.9583333333333334,0.2955801104972376,76,Extreme Greed,Greed,447510.72705900006,447510.72705900006,0.0
2024-11-12,171,3494.399394,42,34,7171.663859649123,1226354.52,110,103,4,0.8095238095238095,1.0679611650485437,80,Extreme Greed,Greed,451005.12645300006,451005.12645300006,0.0
2024-11-13,48,7846.402274,32,27,10736.174375,515336.37,46,34,5,0.84375,1.3529411764705883,84,Extreme Greed,Greed,458851.52872700006,458851.52872700006,0.0
2024-11-14,110,4563.509225,28,28,9166.925545454545,1008361.81,110,28,2,1.0,3.9285714285714284,88,Extreme Greed,Greed,463415.03795200004,463415.03795200004,0.0
2024-11-15,149,4140.740438,55,55,9582.942416107382,1427858.42,131,73,4,1.0,1.7945205479452055,80,Extreme Greed,Greed,467555.77839000005,467555.77839000005,0.0
2024-11-16,157,2769.521909,58,48,1931.822101910828,303296.07,108,107,4,0.8275862068965517,1.0093457943925233,86,Extreme Greed,Greed,470325.30029900005,470325.30029900005,0.0
2024-11-17,209,882.975285,62,49,5818.122344497608,1215987.57,100,171,4,0.7903225806451613,0.5847953216374269,90,Extreme Greed,Greed,471208.27558400005,471208.27558400005,0.0
2024-11-18,346,4470.815187,156,124,6024.102832369942,2084339.58,213,276,7,0.7948717948717948,0.7717391304347826,83,Extreme Greed,Greed,475679.090771,475679.090771,0.0
2024-11-19,305,2958.268991,167,150,2059.118524590164,628031.15,240,230,5,0.8982035928143712,1.0434782608695652,90,Extreme Greed,Greed,478637.35976200004,478637.35976200004,0.0
2024-11-20,550,4210.0928969999995,299,219,3635.480218181818,1999514.1199999999,487,360,5,0.7324414715719063,1.3527777777777779,83,Extreme Greed,Greed,482847.45265900006,482847.45265900006,0.0
2024-11-21,535,1692.430891,255,165,1118.3189158878504,598300.62,442,348,5,0.6470588235294118,1.2701149425287357,82,Extreme Greed,Greed,484539.8835500001,484539.8835500001,0.0
2024-11-22,679,-18105.345617,352,209,2425.2041531664213,1646713.62,553,478,6,0.59375,1.1569037656903767,94,Extreme Greed,Greed,466434.5379330001,484539.8835500001,-18105.345617000014
2024-11-23,363,2901.531638,149,128,1422.1644077134986,516245.68,211,298,4,0.8590604026845637,0.7080536912751678,93,Extreme Greed,Greed,469336.06957100006,484539.8835500001,-15203.813979000028
2024-11-24,172,945.550386,61,46,3866.001627906977,664952.28,116,115,3,0.7540983606557377,1.008695652173913,80,Extreme Greed,Greed,470281.6199570001,484539.8835500001,-14258.26359300001
2024-11-25,255,5523.740734,149,105,3676.1210588235294,937410.87,198,195,2,0.7046979865771812,1.0153846153846153,82,Extreme Greed,Greed,475805.36069100007,484539.8835500001,-8734.522859000019
2024-11-26,302,1094.809359,128,88,3797.6901986754965,1146902.44,274,155,4,0.6875,1.767741935483871,79,Extreme Greed,Greed,476900.1700500001,484539.8835500001,-7639.713500000013
2024-11-27,213,-2654.495633,130,74,6780.481361502348,1444242.53,171,170,2,0.5692307692307692,1.0058823529411764,75,Extreme Greed,Greed,474245.6744170001,484539.8835500001,-10294.209132999997
2024-11-28,332,-127075.39958499999,228,109,5705.497439759036,1894225.15,298,262,5,0.4780701754385965,1.1374045801526718,77,Extreme Greed,Greed,347170.2748320001,484539.8835500001,-137369.608718
2024-11-29,393,176844.994152,209,192,2021.0252162849874,794262.91,186,273,11,0.9186602870813397,0.6813186813186813,78,Extreme Greed,Greed,524015.2689840001,524015.2689840001,0.0
2024-11-30,373,37316.69352,173,157,4643.950938337802,1732193.7,117,308,8,0.9075144508670521,0.37987012987012986,84,Extreme Greed,Greed,561331.962504,561331.962504,0.0
2024-12-01,416,40886.364494,232,221,1958.441875,814711.82,179,349,9,0.9525862068965517,0.5128939828080229,81,Extreme Greed,Greed,602218.326998,602218.326998,0.0
2024-12-02,270,18489.604313,112,110,2167.568740740741,585243.56,201,158,8,0.9821428571428571,1.2721518987341771,80,Extreme Greed,Greed,620707.931311,620707.931311,0.0
2024-12-03,374,23576.539285,177,161,2900.177887700535,1084666.53,247,229,8,0.9096045197740112,1.0786026200873362,76,Extreme Greed,Greed,644284.470596,644284.470596,0.0
2024-12-04,319,292891.815021,166,148,2411.5600313479626,769287.65,128,265,7,0.891566265060241,0.4830188679245283,78,Extreme Greed,Greed,937176.285617,937176.285617,0.0
2024-12-05,456,71574.11848800001,205,193,2756.0324342105264,1256750.79,228,392,8,0.9414634146341463,0.5816326530612245,84,Extreme Greed,Greed,1008750.404105,1008750.404105,0.0
2024-12-06,403,-92624.643895,137,94,8612.950918114144,3471019.22,222,289,10,0.6861313868613139,0.7681660899653979,72,Greed,Greed,916125.76021,1008750.404105,-92624.64389499999
2024-12-07,304,85906.279067,142,131,1485.965197368421,451733.42,110,283,6,0.9225352112676056,0.38869257950530034,75,Extreme Greed,Greed,1002032.039277,1008750.404105,-6718.364827999962
2024-12-08,420,15965.933436,156,152,2221.2850476190474,932939.72,84,391,6,0.9743589743589743,0.21483375959079284,79,Extreme Greed,Greed,1017997.972713,1017997.972713,0.0
2024-12-09,539,6310.967676,178,172,1825.5096103896105,983949.68,468,237,10,0.9662921348314607,1.9746835443037976,78,Extreme Greed,Greed,1024308.940389,1024308.940389,0.0
2024-12-10,1596,39325.770231,1123,937,1973.94992481203,3150424.08,662,1268,11,0.8343722172751559,0.5220820189274448,78,Extreme Greed,Greed,1063634.71062,1063634.71062,0.0
2024-12-11,1221,319051.554217,882,870,1796.9683292383293,2194098.33,238,1147,12,0.9863945578231292,0.2074978204010462,74,Greed,Greed,1382686.264837,1382686.264837,0.0
2024-12-12,1932,599151.795008,1417,1352,2358.7939285714288,4557189.87,481,1630,14,0.9541284403669725,0.2950920245398773,83,Extreme Greed,Greed,1981838.059845,1981838.059845,0.0
2024-12-13,1173,31935.901745,489,471,2455.9459846547315,2880824.64,944,608,11,0.9631901840490797,1.5526315789473684,76,Extreme Greed,Greed,2013773.96159,2013773.96159,0.0
2024-12-14,1235,167801.399244,602,585,1918.6735060728743,2369561.78,905,702,12,0.9717607973421927,1.289173789173789,83,Extreme Greed,Greed,2181575.360834,2181575.360834,0.0
2024-12-15,1697,97525.315279,469,417,1522.256812021214,2583269.81,1395,599,15,0.8891257995735607,2.328881469115192,80,Extreme Greed,Greed,2279100.676113,2279100.676113,0.0
2024-12-16,1055,166774.344133,546,535,2597.9231943127966,2740808.97,596,700,13,0.9798534798534798,0.8514285714285714,83,Extreme Greed,Greed,2445875.020246,2445875.020246,0.0
2024-12-17,1941,219591.305172,873,847,2696.3408706852138,5233597.63,1164,1209,16,0.9702176403207331,0.9627791563275434,87,Extreme Greed,Greed,2665466.325418,2665466.325418,0.0
2024-12-18,1429,13682.994673,743,523,2658.423421973408,3798887.07,876,924,13,0.7039030955585465,0.948051948051948,81,Extreme Greed,Greed,2679149.3200910003,2679149.3200910003,0.0
2024-12-19,3339,62744.004486000005,2196,2053,2468.316678646301,8241709.39,1645,2255,13,0.9348816029143898,0.729490022172949,75,Extreme Greed,Greed,2741893.3245770005,2741893.3245770005,0.0
2024-12-20,2488,254969.660039,1479,1383,3087.3290635048234,7681274.71,1428,1645,15,0.9350912778904665,0.8680851063829788,74,Greed,Greed,2996862.9846160007,2996862.9846160007,0.0
2024-12-21,1681,150022.163157,934,924,2607.302272456871,4382875.12,744,1151,8,0.9892933618843683,0.6463944396177237,73,Greed,Greed,3146885.147773001,3146885.147773001,0.0
2024-12-22,774,352197.163973,353,337,3988.7858139534887,3087320.22,529,496,8,0.9546742209631728,1.0665322580645162,73,Greed,Greed,3499082.311746001,3499082.311746001,0.0
2024-12-23,2347,-29430.626577,1404,681,2885.333728163613,6771878.26,1074,1666,14,0.48504273504273504,0.6446578631452581,70,Greed,Greed,3469651.6851690006,3499082.311746001,-29430.626577000134
2024-12-24,338,14813.780116,171,114,5227.917485207101,1767036.11,156,286,11,0.6666666666666666,0.5454545454545454,73,Greed,Greed,3484465.465285001,3499082.311746001,-14616.846460999921
2024-12-25,208,756.6570469999998,82,63,1672.5449519230767,347889.35,98,161,6,0.7682926829268293,0.6086956521739131,73,Greed,Greed,3485222.1223320006,3499082.311746001,-13860.189414000139
2024-12-26,697,60228.639722,371,358,3163.9062410329984,2205242.65,379,470,7,0.9649595687331537,0.8063829787234043,79,Extreme Greed,Greed,3545450.7620540005,3545450.7620540005,0.0
2024-12-27,260,2672.811035,116,110,1338.126923076923,347913.0,152,204,7,0.9482758620689655,0.7450980392156863,74,Greed,Greed,3548123.5730890003,3548123.5730890003,0.0
2024-12-28,161,940.673623,46,37,1748.7888819875777,281555.01,64,129,7,0.8043478260869565,0.49612403100775193,72,Greed,Greed,3549064.246712,3549064.246712,0.0
2024-12-29,201,2884.067927,64,64,1714.5698507462685,344628.54,69,179,7,1.0,0.3854748603351955,73,Greed,Greed,3551948.314639,3551948.314639,0.0
2024-12-30,304,9009.738137,122,120,3532.453059210526,1073865.73,227,191,9,0.9836065573770492,1.1884816753926701,65,Greed,Greed,3560958.052776,3560958.052776,0.0
2024-12-31,306,5445.01281,100,92,2866.551045751634,877164.62,219,186,6,0.92,1.1774193548387097,64,Greed,Greed,3566403.065586,3566403.065586,0.0
2025-01-01,96,-9528.065345,30,29,2943.5635416666664,282582.1,70,50,6,0.9666666666666667,1.4,66,Greed,Greed,3556875.000241,3566403.065586,-9528.06534500001
2025-01-02,361,8716.519087,168,165,2145.9136842105263,774674.84,170,329,9,0.9821428571428571,0.5167173252279635,70,Greed,Greed,3565591.519328,3566403.065586,-811.5462580001913
2025-01-03,508,6028.486793,163,138,1518.1279330708662,771208.99,220,426,9,0.8466257668711656,0.5164319248826291,74,Greed,Greed,3571620.006121,3571620.006121,0.0
2025-01-04,371,2553.537968,85,75,4921.912722371967,1826029.6199999999,98,338,9,0.8823529411764706,0.28994082840236685,73,Greed,Greed,3574173.5440889997,3574173.5440889997,0.0
2025-01-05,239,3187.719363,104,100,1890.977280334728,451943.57,78,223,8,0.9615384615384616,0.34977578475336324,72,Greed,Greed,3577361.2634519995,3577361.2634519995,0.0
2025-01-06,573,6064.185393,121,89,971.2512914485166,556526.99,163,491,7,0.7355371900826446,0.3319755600814664,76,Extreme Greed,Greed,3583425.4488449995,3583425.4488449995,0.0
2025-01-07,637,16098.227531,500,485,2061.504081632653,1313178.1,569,561,6,0.97,1.014260249554367,78,Extreme Greed,Greed,3599523.6763759996,3599523.6763759996,0.0
2025-01-08,1039,130117.090554,422,386,3058.0126852743024,3177275.18,876,561,11,0.9146919431279621,1.5614973262032086,70,Greed,Greed,3729640.7669299995,3729640.7669299995,0.0
2025-01-09,522,46975.928902,169,145,1955.427681992337,1020733.25,303,379,7,0.8579881656804734,0.7994722955145118,69,Greed,Greed,3776616.6958319996,3776616.6958319996,0.0
2025-01-10,819,-10116.875552,488,432,7994.444053724053,6547449.68,719,582,7,0.8852459016393442,1.2353951890034365,50,Neutral,Neutral,3766499.8202799996,3776616.6958319996,-10116.875552000012
2025-01-11,283,2269.080536,88,69,5859.006042402827,1658098.71,227,139,7,0.7840909090909091,1.6330935251798562,69,Greed,Greed,3768768.9008159996,3776616.6958319996,-7847.795016000047
2025-01-12,602,5742.241803,475,472,3751.59330564784,2258459.17,536,535,7,0.9936842105263158,1.0018691588785047,62,Greed,Greed,3774511.142619,3776616.6958319996,-2105.553212999832
2025-01-13,408,9655.429352,166,158,7197.666691176471,2936648.0100000002,366,200,11,0.9518072289156626,1.83,61,Greed,Greed,3784166.5719709997,3784166.5719709997,0.0
2025-01-14,275,16069.512355,141,137,3187.5708,876581.97,141,217,9,0.9716312056737588,0.6497695852534562,63,Greed,Greed,3800236.0843259995,3800236.0843259995,0.0
2025-01-15,267,14819.5883,139,123,6747.565131086143,1801599.8900000001,157,224,11,0.8848920863309353,0.7008928571428571,70,Greed,Greed,3815055.6726259994,3815055.6726259994,0.0
2025-01-16,371,20807.709328,141,127,8220.196657681941,3049692.96,188,309,9,0.900709219858156,0.6084142394822006,75,Extreme Greed,Greed,3835863.3819539994,3835863.3819539994,0.0
2025-01-17,238,7006.415608,127,126,4664.8338655462185,1110230.46,149,191,8,0.9921259842519685,0.7801047120418848,75,Extreme Greed,Greed,3842869.7975619994,3842869.7975619994,0.0
2025-01-18,651,443.2330819999997,280,248,4165.330076804916,2711629.88,424,479,12,0.8857142857142857,0.8851774530271399,77,Extreme Greed,Greed,3843313.0306439996,3843313.0306439996,0.0
2025-01-19,1567,87923.799302,434,317,6199.8821314613915,9715215.3,963,913,15,0.7304147465437788,1.0547645125958378,77,Extreme Greed,Greed,3931236.8299459997,3931236.8299459997,0.0
2025-01-20,1315,87277.239173,808,687,6302.149817490495,8287327.01,1153,905,15,0.8502475247524752,1.2740331491712706,76,Extreme Greed,Greed,4018514.069119,4018514.069119,0.0
2025-01-21,530,11077.839421,214,205,2874.961924528302,1523729.82,204,460,8,0.9579439252336449,0.4434782608695652,76,Extreme Greed,Greed,4029591.9085399997,4029591.9085399997,0.0
2025-01-22,832,20524.408057,296,234,2137.5077283653845,1778406.43,459,628,10,0.7905405405405406,0.7308917197452229,84,Extreme Greed,Greed,4050116.3165969998,4050116.3165969998,0.0
2025-01-23,1218,101256.24216,847,805,3035.3273070607556,3697028.66,1006,1045,12,0.9504132231404959,0.9626794258373206,75,Extreme Greed,Greed,4151372.5587569997,4151372.5587569997,0.0
2025-01-24,874,10602.779738,499,488,1843.7453661327231,1611433.45,531,590,11,0.9779559118236473,0.9,75,Extreme Greed,Greed,4161975.338495,4161975.338495,0.0
2025-01-25,506,-10348.016255999999,170,141,2449.363043478261,1239377.7,401,267,11,0.8294117647058824,1.5018726591760299,75,Extreme Greed,Greed,4151627.322239,4161975.338495,-10348.016255999915
2025-01-26,451,40823.466668,206,196,2663.3562305986693,1201173.66,243,381,7,0.9514563106796117,0.6377952755905512,73,Greed,Greed,4192450.788907,4192450.788907,0.0
2025-01-27,773,41331.765392,400,368,1950.8775032341528,1508028.31,662,434,15,0.92,1.5253456221198156,71,Greed,Greed,4233782.554299,4233782.554299,0.0
2025-01-28,498,17979.613973,328,313,1163.4782530120483,579412.17,277,408,8,0.9542682926829268,0.678921568627451,72,Greed,Greed,4251762.168272,4251762.168272,0.0
2025-01-29,910,23421.01147,393,379,2085.1795714285713,1897513.41,481,764,9,0.9643765903307888,0.6295811518324608,72,Greed,Greed,4275183.179742,4275183.179742,0.0
2025-01-30,1067,23097.471385,423,370,2825.114498594189,3014397.17,412,966,11,0.8747044917257684,0.42650103519668736,70,Greed,Greed,4298280.651127,4298280.651127,0.0
2025-01-31,1016,35868.296773,586,550,2739.578228346457,2783411.48,616,902,11,0.9385665529010239,0.6829268292682927,76,Extreme Greed,Greed,4334148.9479,4334148.9479,0.0
2025-02-01,634,32300.205017,398,378,2151.019621451104,1363746.44,419,472,12,0.949748743718593,0.8877118644067796,68,Greed,Greed,4366449.152917,4366449.152917,0.0
2025-02-02,1319,162854.759623,529,473,4291.957763457164,5661092.29,1002,610,13,0.8941398865784499,1.6426229508196721,60,Greed,Greed,4529303.912540001,4529303.912540001,0.0
2025-02-03,2380,348871.326269,1338,1103,9492.815701680673,22592901.37,1782,1744,12,0.8243647234678625,1.021788990825688,44,Fear,Fear,4878175.238809001,4878175.238809001,0.0
2025-02-04,2512,416876.88812,797,695,6241.404964171974,15678409.27,1422,1827,13,0.8720200752823086,0.7783251231527094,72,Greed,Greed,5295052.126929001,5295052.126929001,0.0
2025-02-05,1297,56706.235562,507,417,6741.1191287586735,8743231.51,842,801,11,0.8224852071005917,1.0511860174781522,54,Neutral,Neutral,5351758.362491001,5351758.362491001,0.0
2025-02-06,1703,33803.799733,829,785,1655.0257604227834,2818508.87,1519,947,11,0.9469240048250904,1.6040126715945089,49,Neutral,Neutral,5385562.162224001,5385562.162224001,0.0
2025-02-07,1524,22450.002091,537,430,2270.5141338582675,3460263.54,1379,635,13,0.8007448789571695,2.1716535433070865,44,Fear,Fear,5408012.164315001,5408012.164315001,0.0
2025-02-08,575,586.703253,122,110,1460.4086434782607,839734.97,551,133,10,0.9016393442622951,4.142857142857143,44,Fear,Fear,5408598.867568001,5408598.867568001,0.0
2025-02-09,764,150551.829492,334,329,3823.19332460733,2920919.7,479,598,12,0.9850299401197605,0.8010033444816054,46,Neutral,Neutral,5559150.697060001,5559150.697060001,0.0
2025-02-10,889,63908.49465,462,425,4077.5685489313837,3624958.44,613,645,14,0.9199134199134199,0.9503875968992248,43,Fear,Fear,5623059.191710001,5623059.191710001,0.0
2025-02-11,848,-6093.784817,326,185,3298.990766509434,2797544.17,435,499,12,0.5674846625766872,0.8717434869739479,47,Neutral,Neutral,5616965.406893001,5623059.191710001,-6093.78481699992
2025-02-12,1031,19848.635032,557,477,4019.3739476236665,4143974.54,787,756,12,0.8563734290843806,1.041005291005291,46,Neutral,Neutral,5636814.041925001,5636814.041925001,0.0
2025-02-13,1370,27829.534238,657,641,2335.6585474452554,3199852.21,976,963,11,0.9756468797564688,1.0134994807892004,50,Neutral,Neutral,5664643.576163001,5664643.576163001,0.0
2025-02-14,1655,213860.675308,802,710,2421.210525679758,4007103.42,670,1253,15,0.885286783042394,0.5347166799680766,48,Neutral,Neutral,5878504.251471002,5878504.251471002,0.0
2025-02-15,932,45042.92701,417,401,1837.8250536480687,1712852.95,834,507,12,0.9616306954436451,1.6449704142011834,50,Neutral,Neutral,5923547.178481001,5923547.178481001,0.0
2025-02-16,681,2369.478425,349,300,1183.8144493392072,806177.64,492,466,10,0.8595988538681948,1.055793991416309,54,Neutral,Neutral,5925916.656906001,5925916.656906001,0.0
2025-02-17,941,1818.573295,242,211,2158.3896280552603,2031044.64,751,369,9,0.871900826446281,2.035230352303523,51,Neutral,Neutral,5927735.230201001,5927735.230201001,0.0
2025-02-18,1676,91204.672403,930,858,2011.413293556086,3371128.68,1296,1024,11,0.9225806451612903,1.265625,47,Neutral,Neutral,6018939.902604002,6018939.902604002,0.0
2025-02-19,1361,14985.794701,640,582,2398.185334313005,3263930.24,1018,751,10,0.909375,1.355525965379494,44,Fear,Fear,6033925.697305001,6033925.697305001,0.0
2025-02-20,2012,46008.794102,992,964,2300.5016351888667,4628609.29,1604,1371,11,0.9717741935483871,1.1699489423778264,49,Neutral,Neutral,6079934.491407001,6079934.491407001,0.0
2025-02-21,1873,119693.49395,1012,978,2120.747399893219,3972159.88,1486,1370,14,0.9664031620553359,1.0846715328467154,55,Greed,Greed,6199627.985357001,6199627.985357001,0.0
2025-02-22,686,25278.704178,352,341,4629.111078717201,3175570.2,530,491,10,0.96875,1.079429735234216,49,Neutral,Neutral,6224906.689535001,6224906.689535001,0.0
2025-02-23,520,10656.934251,243,234,2194.8283461538463,1141310.74,394,354,12,0.9629629629629629,1.112994350282486,50,Neutral,Neutral,6235563.6237860015,6235563.6237860015,0.0
2025-02-24,5616,38470.176242,2527,2228,1998.5077617521367,11223619.59,5430,2586,14,0.8816778789077958,2.0997679814385153,49,Neutral,Neutral,6274033.800028002,6274033.800028002,0.0
2025-02-25,6246,204762.177034,2141,1628,3108.3868651937237,19414984.36,5307,2652,18,0.7603923400280242,2.001131221719457,25,Fear,Fear,6478795.977062002,6478795.977062002,0.0
2025-02-26,1176,63229.063129,850,789,4206.597049319727,4946958.13,933,1069,13,0.928235294117647,0.872778297474275,21,Extreme Fear,Fear,6542025.040191002,6542025.040191002,0.0
2025-02-27,890,-36525.167517,420,247,2247.0768876404495,1999898.43,447,830,9,0.5880952380952381,0.5385542168674698,10,Extreme Fear,Fear,6505499.872674002,6542025.040191002,-36525.16751699988
2025-02-28,1019,225628.108748,409,396,4046.7721000981355,4123660.77,695,665,13,0.9682151589242054,1.0451127819548873,16,Extreme Fear,Fear,6731127.981422002,6731127.981422002,0.0
2025-03-01,174,10596.108968,84,78,1516.230632183908,263824.13,133,125,5,0.9285714285714286,1.064,20,Extreme Fear,Fear,6741724.090390002,6741724.090390002,0.0
2025-03-02,532,66914.320708,281,267,12144.452518796992,6460848.74,440,318,10,0.9501779359430605,1.3836477987421383,26,Fear,Fear,6808638.411098002,6808638.411098002,0.0
2025-03-03,1482,616413.032233,945,912,5563.151403508772,8244590.38,1248,1129,14,0.9650793650793651,1.1054030115146147,33,Fear,Fear,7425051.443331002,7425051.443331002,0.0
2025-03-04,2402,182075.566585,818,609,4631.24360949209,11124247.15,2233,857,16,0.7444987775061125,2.605600933488915,15,Extreme Fear,Fear,7607127.009916002,7607127.009916002,0.0
2025-03-05,1660,269328.365917,1279,1259,5538.345915662651,9193654.22,1482,1382,13,0.9843627834245504,1.0723589001447178,20,Extreme Fear,Fear,7876455.375833002,7876455.375833002,0.0
2025-03-06,760,16101.125561,382,365,8901.743368421052,6765324.96,567,526,12,0.9554973821989529,1.0779467680608366,25,Fear,Fear,7892556.501394002,7892556.501394002,0.0
2025-03-07,2552,150236.061627,1431,1333,7779.888510971787,19854275.48,2421,1501,14,0.9315164220824598,1.6129247168554297,34,Fear,Fear,8042792.563021001,8042792.563021001,0.0
2025-03-08,529,24700.773359,303,301,1686.3582419659735,892083.51,422,309,13,0.9933993399339934,1.3656957928802589,28,Fear,Fear,8067493.336380001,8067493.336380001,0.0
2025-03-09,1422,19773.457395,627,627,7327.495070323488,10419697.99,1278,699,12,1.0,1.8283261802575108,27,Fear,Fear,8087266.793775002,8087266.793775002,0.0
2025-03-10,2911,-10010.027269999999,1334,1157,5775.263029886637,16811790.68,2699,1346,14,0.8673163418290855,2.0052005943536404,20,Extreme Fear,Fear,8077256.766505001,8087266.793775002,-10010.027270000428
2025-03-11,3286,-76880.729036,1197,616,4265.657970176507,14016952.09,2782,1486,16,0.5146198830409356,1.8721399730820996,24,Extreme Fear,Fear,8000376.0374690015,8087266.793775002,-86890.75630600005
2025-03-12,3968,288105.984215,2333,2240,4692.071358366935,18618139.15,3483,2534,13,0.9601371624517788,1.3745067087608525,34,Fear,Fear,8288482.021684001,8288482.021684001,0.0
2025-03-13,962,14114.870873,490,440,3415.375488565489,3285591.22,902,539,13,0.8979591836734694,1.6734693877551021,45,Neutral,Neutral,8302596.892557001,8302596.892557001,0.0
2025-03-14,2210,68646.160089,1922,1887,3641.261158371041,8047187.16,2118,2014,10,0.981789802289282,1.051638530287984,27,Fear,Fear,8371243.052646001,8371243.052646001,0.0
2025-03-15,261,78694.624572,189,155,9025.86030651341,2355749.54,211,239,8,0.8201058201058201,0.8828451882845189,46,Neutral,Neutral,8449937.677218001,8449937.677218001,0.0
2025-03-16,530,-7910.943544999999,220,123,19222.49341509434,10187921.51,394,331,8,0.5590909090909091,1.190332326283988,30,Fear,Fear,8442026.733673,8449937.677218001,-7910.943545000628
2025-03-17,920,26163.906513,483,417,3905.320706521739,3592895.05,697,673,11,0.8633540372670807,1.035661218424963,32,Fear,Fear,8468190.640186,8468190.640186,0.0
2025-03-18,834,72322.788824,246,188,4856.901043165468,4050655.47,491,589,13,0.7642276422764228,0.833616298811545,34,Fear,Fear,8540513.42901,8540513.42901,0.0
2025-03-19,1612,29374.682341,775,671,2852.8620161290323,4598813.57,1238,1148,12,0.8658064516129033,1.078397212543554,32,Fear,Fear,8569888.111351,8569888.111351,0.0
2025-03-20,771,10246.859436,440,315,2143.0063942931256,1652257.93,632,576,13,0.7159090909090909,1.0972222222222223,49,Neutral,Neutral,8580134.970787,8580134.970787,0.0
2025-03-21,698,6951.270374,349,349,3644.560730659026,2543903.39,672,375,9,1.0,1.792,31,Fear,Fear,8587086.241161,8587086.241161,0.0
2025-03-22,535,12498.535254,331,254,1816.4662056074767,971809.42,313,528,8,0.7673716012084593,0.5928030303030303,32,Fear,Fear,8599584.776415,8599584.776415,0.0
2025-03-23,447,14047.421585,146,146,5802.057427293064,2593519.67,355,230,10,1.0,1.5434782608695652,30,Fear,Fear,8613632.197999999,8613632.197999999,0.0
2025-03-24,1027,107878.961301,671,632,2938.254186952288,3017587.05,645,1003,13,0.9418777943368107,0.6430707876370887,45,Neutral,Neutral,8721511.159301,8721511.159301,0.0
2025-03-25,791,32030.90678,390,286,6792.060391908975,5372519.77,719,462,13,0.7333333333333333,1.5562770562770563,46,Neutral,Neutral,8753542.066081,8753542.066081,0.0
2025-03-26,3102,15802.167427,1618,841,2449.30830754352,7597754.37,2583,2085,17,0.5197775030902348,1.2388489208633093,47,Neutral,Neutral,8769344.233508,8769344.233508,0.0
2025-03-27,785,58825.359221,265,262,4127.744535031847,3240279.46,549,479,11,0.9886792452830189,1.1461377870563674,40,Fear,Fear,8828169.592729,8828169.592729,0.0
2025-03-28,728,21337.179335,234,231,2037.2151236263737,1483092.61,660,296,11,0.9871794871794872,2.22972972972973,44,Fear,Fear,8849506.772064,8849506.772064,0.0
2025-03-29,1894,12098.872931,940,674,1936.7221911298839,3668151.83,1789,948,10,0.7170212765957447,1.8871308016877637,26,Fear,Fear,8861605.644995,8861605.644995,0.0
2025-03-30,568,15795.11514,106,94,5019.146056338028,2850874.96,560,111,9,0.8867924528301887,5.045045045045045,32,Fear,Fear,8877400.760135,8877400.760135,0.0
2025-03-31,495,6978.184557,292,259,4373.277717171717,2164772.4699999997,380,297,12,0.886986301369863,1.2794612794612794,34,Fear,Fear,8884378.944692,8884378.944692,0.0
2025-04-01,192,-2202.6622420000003,122,88,3668.9853645833336,704445.1900000001,159,145,9,0.7213114754098361,1.096551724137931,34,Fear,Fear,8882176.28245,8884378.944692,-2202.6622420009226
2025-04-02,1076,202212.740938,964,963,3594.7310408921935,3867930.6,1030,1010,11,0.9989626556016598,1.0198019801980198,44,Fear,Fear,9084389.023388,9084389.023388,0.0
2025-04-03,1748,-2365.961276,634,520,4960.087614416476,8670233.15,1570,812,17,0.8201892744479495,1.9334975369458127,25,Fear,Fear,9082023.062112,9084389.023388,-2365.9612760003656
2025-04-04,1272,-25515.678949999998,689,493,3015.3661399371067,3835545.73,1090,850,14,0.7155297532656023,1.2823529411764707,28,Fear,Fear,9056507.383162,9084389.023388,-27881.64022600092
2025-04-05,360,35907.33771,215,209,3521.011722222222,1267564.22,322,234,10,0.9720930232558139,1.376068376068376,30,Fear,Fear,9092414.720872,9092414.720872,0.0
2025-04-06,1048,47053.449272,346,332,3388.59929389313,3551252.06,974,417,14,0.9595375722543352,2.3357314148681056,34,Fear,Fear,9139468.170144,9139468.170144,0.0
2025-04-07,2814,34527.370305,1263,673,5138.682707889126,14460253.14,2138,1875,18,0.5328582739509106,1.1402666666666668,23,Extreme Fear,Fear,9173995.540448999,9173995.540448999,0.0
2025-04-08,943,34899.394798,461,386,9405.505196182397,8869391.4,802,567,17,0.8373101952277657,1.4144620811287478,24,Extreme Fear,Fear,9208894.935246998,9208894.935246998,0.0
2025-04-09,3967,43120.444797,2224,1708,7198.589984875221,28556806.47,2752,3313,20,0.7679856115107914,0.830667069121642,18,Extreme Fear,Fear,9252015.380043998,9252015.380043998,0.0
2025-04-10,2127,158261.822261,1331,1125,13512.90704748472,28741953.29,1587,1861,19,0.845229151014275,0.8527673293927995,39,Fear,Fear,9410277.202304998,9410277.202304998,0.0
2025-04-11,1096,126406.479081,453,368,10327.853166058394,11319327.07,562,967,16,0.8123620309050773,0.5811789038262668,25,Fear,Fear,9536683.681385998,9536683.681385998,0.0
2025-04-12,2109,410419.694533,721,574,26512.383826458037,55914617.49,1096,1681,20,0.7961165048543689,0.6519928613920285,43,Fear,Fear,9947103.375918997,9947103.375918997,0.0
2025-04-13,1321,48696.021521,566,478,10727.596358819075,14171154.79,935,933,17,0.8445229681978799,1.0021436227224008,45,Neutral,Neutral,9995799.397439998,9995799.397439998,0.0
2025-04-14,890,45680.443063,418,376,14696.598853932584,13079972.98,745,533,14,0.8995215311004785,1.397748592870544,31,Fear,Fear,10041479.840502998,10041479.840502998,0.0
2025-04-15,1131,72357.706282,652,647,18348.51303271441,20752168.24,770,1007,14,0.9923312883435583,0.7646474677259185,38,Fear,Fear,10113837.546784997,10113837.546784997,0.0
2025-04-16,1608,58631.730257,807,547,22700.69396766169,36502715.9,1270,1046,17,0.677819083023544,1.21414913957935,29,Fear,Fear,10172469.277041998,10172469.277041998,0.0
2025-04-17,1031,5427.919886,369,313,2526.238128031038,2604551.51,409,974,12,0.8482384823848238,0.419917864476386,30,Fear,Fear,10177897.196927998,10177897.196927998,0.0
2025-04-18,1894,4880.4047439999995,992,971,12994.007634635693,24610650.46,1050,1638,12,0.9788306451612904,0.6410256410256411,33,Fear,Fear,10182777.601671997,10182777.601671997,0.0
2025-04-19,2786,71950.577495,1022,814,11739.577426417804,32706462.71,1213,2333,15,0.7964774951076321,0.5199314187741105,32,Fear,Fear,10254728.179166997,10254728.179166997,0.0
2025-04-20,1982,25060.341936,962,790,6118.110015136226,12126094.05,1087,1619,12,0.8212058212058212,0.6714021000617665,37,Fear,Fear,10279788.521102997,10279788.521102997,0.0
2025-04-21,1718,34369.267906999994,852,677,24507.598859138536,42104054.84,961,1395,14,0.7946009389671361,0.6888888888888889,39,Fear,Fear,10314157.789009996,10314157.789009996,0.0
2025-04-22,2998,58652.763578,1288,888,11258.714222815212,33753625.24,1617,2667,15,0.6894409937888198,0.6062992125984252,47,Neutral,Neutral,10372810.552587995,10372810.552587995,0.0
2025-04-23,6159,-419020.225731,4139,2000,4981.72492125345,30682443.79,4834,5248,19,0.48320850446967867,0.9211128048780488,72,Greed,Greed,9953790.326856995,10372810.552587995,-419020.2257310003
2025-04-24,2232,50704.395965,1186,923,15720.841684587815,35088918.64,1993,1370,15,0.7782462057335582,1.4547445255474452,63,Greed,Greed,10004494.722821996,10372810.552587995,-368315.8297659997
2025-04-25,1653,20218.859206,730,638,16787.32957047792,27749455.78,863,1404,16,0.873972602739726,0.6146723646723646,60,Greed,Greed,10024713.582027996,10372810.552587995,-348096.97055999935
2025-04-26,1131,-4125.753942,552,195,10564.215534924844,11948127.77,609,736,12,0.3532608695652174,0.8274456521739131,65,Greed,Greed,10020587.828085996,10372810.552587995,-352222.7245019991
2025-04-27,337,2702.067468,163,120,1446.6993768545994,487537.69,328,164,9,0.7361963190184049,2.0,61,Greed,Greed,10023289.895553997,10372810.552587995,-349520.6570339985
2025-04-28,1379,36906.813759,722,575,18944.83066715011,26124921.49,1175,887,8,0.796398891966759,1.3246899661781286,54,Neutral,Neutral,10060196.709312996,10372810.552587995,-312613.8432749994
2025-04-29,2243,125749.613427,1034,969,15198.177289344627,34089511.66,1579,1603,7,0.937137330754352,0.9850280723643169,60,Greed,Greed,10185946.322739996,10372810.552587995,-186864.2298479993
2025-04-30,1113,14003.797269,329,295,11405.10229110512,12693878.85,869,367,8,0.8966565349544073,2.3678474114441417,56,Greed,Greed,10199950.120008996,10372810.552587995,-172860.43257899955
2025-05-01,1230,54536.829297000004,674,530,8715.642699186992,10720240.52,936,778,11,0.7863501483679525,1.2030848329048842,53,Neutral,Neutral,10254486.949305996,10372810.552587995,-118323.603281999
